{
    "train_loss": [
        1.6572397622195156,
        1.1253006078980186,
        1.010641943324696
    ],
    "train_acc": [
        0.35119047619047616,
        0.6696428571428571,
        0.6696428571428571
    ],
    "val_loss": [
        1.2011372447013855,
        1.157308667898178,
        1.0633622407913208
    ],
    "val_acc": [
        0.6578947368421053,
        0.6578947368421053,
        0.6578947368421053
    ]
}