{
    "train_loss": [
        0.926325113424715,
        0.4675594479689058,
        0.28577490713236464
    ],
    "train_acc": [
        0.6394074074074074,
        0.8474074074074074,
        0.912
    ],
    "val_loss": [
        0.6390167127052943,
        0.46754449357589084,
        0.41020025685429573
    ],
    "val_acc": [
        0.7819148936170213,
        0.8324468085106383,
        0.8590425531914894
    ]
}