{
    "train_loss": [
        0.9823003984847158,
        0.5419265911826547,
        0.3284956158472682
    ],
    "train_acc": [
        0.6077037037037037,
        0.8127407407407408,
        0.8903703703703704
    ],
    "val_loss": [
        0.753767321507136,
        0.3953546384970347,
        0.3279423962036769
    ],
    "val_acc": [
        0.6888297872340425,
        0.8617021276595744,
        0.8856382978723404
    ]
}