{
    "train_loss": [
        0.9438846263120759,
        0.4941874735479085,
        0.28970670615727045
    ],
    "train_acc": [
        0.6272592592592593,
        0.8242962962962963,
        0.8977777777777778
    ],
    "val_loss": [
        0.7301180909077326,
        0.37377748638391495,
        0.31067075952887535
    ],
    "val_acc": [
        0.7313829787234043,
        0.851063829787234,
        0.8962765957446809
    ]
}