{
    "train_loss": [
        1.4081211496483197
    ],
    "train_acc": [
        0.6053412462908012
    ],
    "val_loss": [
        1.2873111168543498
    ],
    "val_acc": [
        0.631578947368421
    ]
}