{
    "train_loss": [
        1.0292568161802471
    ],
    "train_acc": [
        0.5937777777777777
    ],
    "val_loss": [
        0.8696770966053009
    ],
    "val_acc": [
        0.6436170212765957
    ]
}